uuid,number_of_years,instument_name,username
lQGoh4qG49,42,Saxophone,JeanetteWelch
pqEssv3yTw,43,Violin,OrestesByrd
8XXSl5WkTu,4,Guitar,OrestesByrd
iFlvn1L6C7,19,Clarinet,JacquiBoswell
p9yGDfML1o,42,Cello,JacquiBoswell
0oGFwNRgxm,43,Flute,AngeletteReid
Q7V2gnJFw0,22,Violin,NaziaHamilton
E6QK97CPkG,39,Saxophone,NaziaHamilton
sRQ7UMK666,9,Trumpet,BrooklinSinger
scX3WCahl6,44,Trumpet,TaftWoodard
o4NfFrKInO,24,Flute,MaymeSolomon
DYHzqmGyVX,34,Cello,TylishaJoyce
0I0MtqEwMz,45,Violin,RichardJohnston
hNhrfbjxaP,4,Drums,YanSong
xChRYzK5k2,3,Cello,MadeleineBaker
sJsBriSxVb,9,Flute,KeokiRich
qDZgOUXVtu,28,Piano,JasmaineFloyd
mBvbaedBl5,16,Bass,ShalekaParrott
bZWmKgL8eT,0,Cello,ShalekaParrott
o8WohWtH9y,12,Guitar,GisellaButler
aJxQm1T0Wt,22,Saxophone,GisellaButler
GBBpXLEU7N,7,Drums,GenesaHawkins
WgmLpeUajJ,5,Guitar,GenesaHawkins
YOos9xSBR2,17,Violin,AydeeByrd
H0Fxei1uKc,17,Flute,AydeeByrd
6pgBEw7O7S,18,Piano,AristidesKennedy
xPOKXNAXHv,38,Trumpet,HenriMcLaughlin
GFuBc4dgx7,43,Flute,LajuanaGrant
jgSp5iW3gX,33,Violin,LajuanaGrant
NKyKvsDxYN,43,Flute,JawadMcLean
ZsuZjmE3p4,44,Cello,JawadMcLean
2mVQzLql2c,10,Piano,DemorioMangum
AGuJeExXRr,17,Trumpet,DemorioMangum
HoeR4DjMYz,36,Violin,TiffinyByrne
PdlfIQQ72a,42,Drums,TiffinyByrne
RBMRbH9NST,37,Violin,RenelColeman
4KPo7CqAff,41,Trumpet,TashiraHinton
1bPQ843td5,44,Piano,TafariPickett
QIvFflf0QZ,12,Trumpet,TafariPickett
rUsnMW0eQB,10,Piano,MarcioCooper
PVO7Y6vPGf,21,Saxophone,VikaBlack
pXT9Q5wLPl,39,Voice,IndeaMcClure
sX40pvlkha,40,Violin,IndeaMcClure
sKkmS9GtF0,0,Clarinet,DarbyRose
VQziiiDKjL,35,Bass,DarbyRose
I0Z9QM8VgR,49,Cello,SonalLawrence
v67eP8XIwa,47,Violin,LevellWalton
ehRNXNLDhS,21,Violin,SherrilynSykes
B7gEnY2pkb,40,Bass,SherrilynSykes
PV8Gbg4Mgb,23,Clarinet,GaroldGolden
YrlV80CrIG,28,Piano,CleliaKaplan
TrM4UkvuuU,19,Guitar,CleliaKaplan
xyKmHwfwaG,25,Violin,LatreseFox
ZbiYQVRz8S,35,Saxophone,LatreseFox
xo8TBkiJXy,2,Cello,ReveccaGlass
Tfe2QpgGm1,22,Bass,ReveccaGlass
D8ecgIznrg,42,Cello,MarbinDunn
pamr4LupLf,11,Piano,DeshonnaPerkins
djRJ2r9ZZD,10,Piano,JannelleLawrence
KjguWu93R6,27,Piano,AquilHodge
m3yo3gqNr2,47,Voice,AquilHodge
xzaSagmkn7,40,Cello,BlazeJoseph
FQ0JuD1ylD,41,Guitar,BlazeJoseph
dA2kXGD1Dy,16,Trumpet,BruchaSong
EtOHc9QbIR,33,Voice,DineshMcKenna
DBiVXOvWiQ,17,Guitar,DineshMcKenna
NrzZAgniuO,15,Bass,TyanaOlsen
3HT9XlzN9Y,8,Bass,KashonnaMcClure
m6uSYiks67,39,Violin,HanselMay
KSUPwsYTYh,8,Voice,HanselMay
mxLZDsT2bL,1,Guitar,TykiaJones
Wzko5vxlGz,28,Cello,TykiaJones
eiu8HSltch,11,Saxophone,TamilliaMatthews
OlwNWEZy8k,46,Violin,TamilliaMatthews
kvvcjpZ3wD,45,Bass,BeverlyMay
cRopUjt8De,2,Guitar,BeverlyMay
NNARfn8dNy,18,Piano,KipKinney
Jh9Mvgv8Cj,12,Violin,KipKinney
N77Mf3sBDp,3,Trumpet,KasandraBarr
zvMM9OmBAQ,43,Drums,JalonGriffin
lDKFoFsQIO,9,Violin,JalonGriffin
DUe9JiyN2w,30,Piano,MeginBarton
CLzfCfvWjz,2,Flute,TrevonRowe
x7ddrBldRt,41,Piano,DakishaBurch
FKkZ2nxpjm,6,Piano,BrentynByrd
tRqrUcwZuP,9,Clarinet,ChannellRowe
WtcYXdWdQd,25,Piano,ChannellRowe
CDtjmiq3Va,8,Saxophone,TakashiJennings
0lLJJwFLao,42,Clarinet,EleeshaHawkins
Ee3qiWs9RA,38,Violin,ChianteGoldman
mfI74c9xgf,43,Clarinet,CaritaRoss
a4oeQ0KwdA,40,Cello,CaritaRoss
6ysIuifA3N,3,Saxophone,LareshaVick
FnPY8QETiz,26,Trumpet,JebadiahDougherty
91ExCE1eII,19,Cello,JebadiahDougherty
dAPo10MlQZ,46,Trumpet,ShervinHouston
fifWEcWGdP,24,Trumpet,TarinaSinclair
rBps2cpdEt,37,Trumpet,CandiesGray
uxzekOYfVh,23,Guitar,CandiesGray
ufizuQPWEW,33,Trumpet,JareeConner
IijqjeLdTY,49,Voice,JareeConner
v1Q5vUj5VS,33,Bass,DraperMoore
kpMLMVmYPD,11,Trumpet,CarahPetersen
E7kZisSUDU,5,Guitar,CarahPetersen
yfSdzsaNNW,31,Piano,RonelleGoldman
nPIQ9hY9N8,3,Saxophone,DarickClapp
0NUHwjJR1Y,27,Cello,DarickClapp
Q5l9OA8lfS,34,Guitar,JarrisMiddleton
uwiZm0SuWN,17,Guitar,MikiScarborough
7MHojhaB2T,21,Drums,MikiScarborough
3oavYcCiBw,40,Drums,LadariusGraham
J4CztEWGjy,49,Saxophone,WaymondSteele
ZEl1t1q6rq,42,Violin,WaymondSteele
Laf7f7XZz4,12,Cello,ShantaleHatcher
OlfhhZUgTK,16,Trumpet,ShantaleHatcher
MMbunnVLoF,40,Drums,HusseinAbrams
MHTOLu3jFY,39,Cello,HusseinAbrams
yHzeMR26Ki,14,Flute,GarrettReid
2fG4Xdhzzj,41,Piano,GarrettReid
QTTeApdvDN,30,Drums,KimberleePearson
miXMKzcwDe,27,Cello,EmilyannEason
ToJjztobrG,46,Flute,EmilyannEason
PdcCMjCIi0,0,Drums,LennoxNorman
U6ErNeXhV1,21,Bass,KenyanMatthews
uLYh7eHEc3,36,Saxophone,KenyanMatthews
TkUSEuSBEP,32,Violin,RigelKane
zqsT4facG2,14,Drums,RigelKane
AsiWs1nEey,47,Bass,AneishaCassidy
i9fHMJxVqT,35,Bass,ShabazzWillis
wgdhzbBv5T,10,Voice,ShabazzWillis
8FwtHMNuMj,40,Clarinet,CorneilusHall
1LLIIQbWzN,32,Voice,ElonaTeague
VrgD604oct,11,Cello,JohmSchultz
gIhb611cWJ,48,Violin,JohmSchultz
XNnEXvL5aM,7,Trumpet,TamiekaWillis
v3ah85v0AC,7,Clarinet,TamiekaWillis
q0Bfvg9iwK,29,Drums,DameonMacDonald
9BDVIEyZKO,31,Violin,DameonMacDonald
O4ggb4FOzA,48,Cello,AamilLawrence
sClNEI0Hg4,1,Trumpet,AamilLawrence
GXGAwW923w,0,Saxophone,QuintinMorse
WrMYR9lCBh,17,Drums,QuintinMorse
2qgrKmvQvr,18,Guitar,ColbiTilley
cQzji5wyLz,9,Drums,ColbiTilley
LobUoXxTlU,9,Cello,RoshaundaTeague
VBakNa3ZUH,36,Guitar,JessciaTilley
enJjv1R1H2,16,Drums,JessciaTilley
XJzaGGpRHq,0,Trumpet,LaqueishaGlover
KjNALEs8Za,37,Violin,MarvinHobbs
xGnIiLMF4I,4,Flute,MarvinHobbs
GahYyIuXSH,44,Trumpet,CherrishBoswell
4hhavLFYIz,27,Piano,CherrishBoswell
syKUWSUPjc,41,Bass,DelmerHouston
M8M4461PDJ,1,Saxophone,DelmerHouston
U7i88JUwv5,18,Voice,ConstanceJoseph
pyZugzjKPn,19,Trumpet,DariceSparks
nDkp67ufLB,15,Drums,DeleciaSteele
YuaSxTbVry,16,Voice,DeleciaSteele
uKTFEuWTQd,39,Bass,HilarieVick
8s6bUc7oRQ,49,Cello,AudreLucas
JCm1Lhb7JY,28,Cello,DiontaWelch
tpHemtumYn,23,Drums,KaliaStevenson
VATD08wyck,30,Piano,MerryWelch
h1G3amXF81,17,Bass,YeseniaMatthews
o8kLPLV5HI,37,Violin,YeseniaMatthews
dhVkQAEzTJ,15,Saxophone,AarronGrant
v0Gri5HWP4,26,Cello,AarronGrant
0RiznoXUB6,38,Trumpet,MontrelBoswell
ynmgVV3PPb,25,Saxophone,MontrelBoswell
2N7jYeyFLM,41,Piano,SequoyaWeiner
bzzHZUG0mR,14,Flute,SequoyaWeiner
Rx5S8PkZzq,36,Bass,LehiWalton
xiWb0CYT1j,9,Voice,AleksanderHester
s0ijwEKeTy,39,Bass,AleksanderHester
QTzABzl7Vv,39,Saxophone,QuintusBoswell
bCGasEkUNc,49,Clarinet,MckaylaMcKenzie
U6JJ3eEuNH,36,Clarinet,CherilynJustice
fzApGTfe4W,33,Violin,JoshalynAbbott
L6giuGR2wH,10,Violin,KevanDougherty
qVXLmXJl9Z,21,Piano,KevanDougherty
vl17GqiLh9,42,Clarinet,RoseyZhang
szAyqGfVy4,25,Piano,GraysonStarr
plyzwoRIgW,1,Drums,AnnamariaBowman
RQFX5VIi16,39,Voice,MatteaSinclair
PmEFaubHVW,19,Trumpet,MatteaSinclair
j25brftBH7,15,Trumpet,ChanaeWilkerson
C8ZSkoOyFU,3,Bass,CharnitaSinclair
cuu5kbesHk,45,Drums,CharnitaSinclair
c17DJNqKuQ,40,Flute,ArnieScarborough
zSUlCahiBk,22,Voice,ArnieScarborough
IxJTuVcsFY,39,Trumpet,ChanseWeiner
uhznwGVHwt,30,Violin,ChanseWeiner
cvshjfSmNL,3,Guitar,WaylonMelton
wB5V6f0Egu,21,Violin,WaylonMelton
RSnqv23G5t,41,Trumpet,GalinaKennedy
sOnKbgab5p,47,Voice,JessicMcClure
HfBbWHQBaU,14,Clarinet,JessicMcClure
G87V91c3oA,14,Drums,AntwyneTerrell
YWZ7AZae5V,15,Violin,AntwyneTerrell
IAUJxZBtkJ,23,Flute,DevikaRich
r3295Pz4O0,36,Violin,DevikaRich
QVn4hwszbr,28,Saxophone,SendyFinch
Ur06nbbsFy,24,Cello,SendyFinch
UCIoJHS5lN,35,Guitar,RobLane
eUOdEYSV1V,36,Flute,RobLane
geytQQWnGR,30,Cello,NicholesSparks
GJmIWbvNEE,7,Flute,NicholesSparks
nP6A3OUMKi,32,Violin,RosibelWhitaker
s0vxpyo39U,31,Guitar,RosibelWhitaker
3gduOFjxN1,43,Trumpet,EdsonPittman
8JTxiy7u8X,18,Bass,EdsonPittman
nAGLyX9v7g,41,Guitar,AlianaSumner
vtSPuZ3ibB,35,Trumpet,AlianaSumner
PkXieV985e,43,Piano,NairobyTilley
H5AMf2j0mG,3,Clarinet,NairobyTilley
vmrkzIQ0fo,20,Voice,LeanaMoon
coM8juSRQ1,18,Piano,KiannaHanna
NPp0ocVmin,12,Violin,KiannaHanna
PTJVQ2o58L,14,Guitar,AunnaMcKenzie
wCkaaVvfg0,19,Guitar,ShalanMcClure
2LUIb6e8UI,0,Clarinet,ShalanMcClure
IEb4BefYec,38,Flute,QuartezWalton
WFu1vamSNp,29,Guitar,LaporcheSnyder
uH0xRPwLGg,34,Bass,LaporcheSnyder
Lwb5VSWDex,1,Guitar,NatinaJoyce
fGVylL9xF0,48,Voice,NatinaJoyce
07cXlToaKk,9,Piano,EvensSnyder
NwLQ2aZbPo,12,Saxophone,SteviClapp
2J5WYRVfJF,1,Voice,SteviClapp
nKTO219KHl,38,Piano,LeishaHawkins
QYfWJLsbG8,44,Piano,MaricelaMonroe
QLFE1WJaID,21,Clarinet,IyonaAlexander
aKgQdJVktU,48,Piano,IyonaAlexander
EITknX9r8Y,18,Piano,JamillahClapp
MRvUxraeIY,34,Cello,CaseeBarton
4qdNYREs4F,21,Guitar,CaseeBarton
08Q7x9t5hO,8,Bass,MoniceSnyder
ouXPmMlXMs,36,Guitar,MoniceSnyder
ZfcFZJ9pZd,42,Bass,ZafirahAbbott
FfI8ahvGPN,48,Drums,TayloreHardin
NIRdSAUDYq,31,Trumpet,MichelRoss
oYDWajnVhk,19,Trumpet,SandroSong
6PaYMSDwnL,7,Guitar,AarronHoyle
A3wMCZZBr4,6,Drums,AarronHoyle
MNd5QDUeWD,19,Piano,AshiaMcNeill
Jl5KhRIXmC,11,Guitar,AshiaMcNeill
uS4AlRI2j8,28,Drums,CameronDavidson
kzNLzX14Cu,9,Clarinet,CameronDavidson
H7qVq7emxm,36,Drums,TexasChandler
3B3gonfF9M,35,Violin,AncilMonroe
CtTnySwi8Z,0,Flute,TyreeDunn
vvTtUTh7EC,2,Clarinet,GiovannyMoon
doZutFleNJ,44,Guitar,Dammonnull
YzhMOWi5vT,39,Bass,Dammonnull
ET1o66cFrS,16,Drums,AdelaNichols
QkA0xyMMBh,15,Flute,ChastineHolloway
1dlOmsdtYZ,48,Violin,ChastineHolloway
iSOxxG41EC,9,Flute,JeaniceMcLaughlin
FpBmSzPNab,39,Clarinet,RustyJames
xhLS0quzN3,10,Violin,RustyJames
w9tDzUsjFC,27,Clarinet,JulieannaChristian
wuAvk4dMSp,5,Saxophone,JulieannaChristian
5VThiYtoBd,31,Saxophone,DeneneGoldman
Y24QDhYyss,35,Drums,RiannAlexander
wHURcP7M2q,37,Clarinet,RiannAlexander
bIrPy5o4Ok,0,Violin,AlfordBowden
ZjpfFfOXGI,25,Cello,AlfordBowden
QAhwT7CG9D,20,Saxophone,LecoleBecker
aPiJ2HcTh7,37,Bass,LecoleBecker
IwiCs4PekM,15,Piano,MarioGriffin
BHekyIsF4x,47,Drums,UtopiaCassidy
8JgQqhcMEA,45,Trumpet,UtopiaCassidy
aEL6sYnMft,27,Cello,ErikkaPickett
hqosme9RlF,31,Guitar,ErikkaPickett
45SeM2DIHF,30,Drums,RainiePuckett
lOMgBiuWtN,25,Voice,RainiePuckett
gnhKZ4g5Zd,35,Drums,ErienneBarton
kb0oZaefLj,26,Piano,GerrenStevenson
2ZDCMPAina,30,Clarinet,ToureMcNeill
Mx1EuaILUg,13,Clarinet,AlexanerHunt
j4lZB9Sn10,17,Violin,AlexanerHunt
0oU28svXWo,35,Voice,SonO'Donnell
VxJgrOJKin,18,Guitar,SonO'Donnell
NBpMCQPOmC,34,Drums,RiannAbbott
uHnIcLZlm9,8,Violin,RiannAbbott
bYExbyUJUe,48,Guitar,TrystanDesai
5gIFuvnETV,44,Trumpet,ChastaScarborough
3JwPBVK1N4,32,Flute,ChastaScarborough
hDEItGrVTy,33,Drums,DarianaHoyle
2hi0DB7W6V,4,Cello,ColynTeague
E3F61DZFqY,15,Cello,PaulMcAllister
yuP1ChrNhe,27,Bass,VedaPowers
PDYjQNmbSF,30,Flute,VedaPowers
9JyYXVme6n,38,Voice,TorrellMcNamara
JZcGMk5N4g,39,Violin,LizetteAbbott
Ow2RDeL3ky,36,Cello,PreetiGoldman
lTfX7GEwa9,13,Piano,PreetiGoldman
SmywIU8puk,22,Drums,AnnamariaThornton
ZDeMic9sFN,44,Voice,CherisBlack
CqIoo7wSUQ,46,Flute,ClaudioButler
UWuwVrRNhL,5,Guitar,DeliseBeasley
Zmh2W8LDoO,33,Flute,MelvinDavis
9Nv0teeien,2,Saxophone,SteveCook
ojVLdOIGaC,2,Saxophone,AliceMcCarthy
YEvmERgEuD,3,Guitar,AliceMcCarthy
gE2tGgHUMk,6,Voice,AliceMcCarthy
k0HH6FToqr,1,Bass,AliceMcCarthy
t7oZSI72D5,9,Piano,AliceMcCarthy
4YHaLFOMdp,7,Violin,AliceMcCarthy
Tmd1RQgqus,2,Saxophone,AlexMason
bCzKmrRzKy,6,Voice,SteveCook
gQejljWR7V,2,Bass,SteveCook
qiJZXxhFdh,10,Guitar,SteveCook
YePipL7Yet,3,,SteveCook
